name;url;description;field
acs ambulance;https://www.alphacomputer.de/ambulant/;Egal ob für die Pflegedokumentation, Abrechnung oder Personal und Routenplanung – Sie entscheiden, an welchen Stellen unsere Software Ihre Arbeit erleichtern soll. So haben Sie und Ihre Mitarbeiter genügend Zeit für die Patienten.;prA/Dokumentation
Actilog;https://www.esag-systems.ch/wa_files/Actilog_20Basic.pdf;Actilog Basic ist eine Matte, die speziell für Patienten mit Einschränkungen von Koordination und/oder Orientierung entwickelt wurde. Beim Verlassen des Bettes wird der Alarm beim Pflegepersonal ausgelöst.;IA/Assistenzsystem
Actionbound;https://de.actionbound.com/;Spiele mit der Actionbound-App spannende, lustige und lehrreiche Smartphone- und Tablet-Rallyes. Wir nennen diese multimedialen Erlebnistouren „Bounds“.;wA/Kommunikation
Active Mobilisation System;https://www.compliant-concept.ch/produkte/spital/#produkt-active-mobilisation-system;Das Active Mobilisation System™ entlastet Ihre Pflege bei der körperlich aufwendigen Routinearbeit des Umpositionierens und trägt erheblich zur Qualitätssteigerung für Patienten und Pflege bei. ;IA/Assistenzsystem
AiDKlinik;https://www.dosing-gmbh.de/produktloesungen/aidklinik-2/;Healthcare Professionals (HCP) benötigen relevante Informationen und Warnungen in Bezug zum Patienten. Deswegen entfaltet AiDKlinik® sein volles Potential, wenn es in ein KIS bzw. PDMS integriert ist, so dass Patientendaten und ausgewählte Laborparameter an AiDKlinik® übermittelt werden.;wA/Assistenzsystem
AMiS Visitenwagen;https://www.alphatronmedical.de/amis-visitenwagen/;Unsere AMiS-Lösungen sorgen für einen besseren Arbeitsablauf im Gesundheitswesen. Die täglichen Aufgaben können mit Hilfe von klinischen All-in-One-Stationen, die vollständig mit der elektronischen Patientenakte verbunden werden können, optimiert werden. Dies spart der Pflegekraft viel Zeit, verbessert die Patientensicherheit und unterstützt ein geschlossenes Medikamentenmanagement.;prA/Dokumentation
ASSESSTRONIC;https://echord.eu/essential_grid/assesstronic/index.php.html;Nowadays Comprehensive Geriatric Assessment (CGA) exams are done under very limited and time-consuming protocols. The ASSESSTRONIC project aims at taking benefit of robotic technologies to make the execution of these tests easier, faster and more traceable and repeatable, and at providing added-value outputs in different, more objective and subtle dimensions.;wA/Robotik
AssistMe;https://www.assistme.io/;Die AssistMe App ist ständig mit dabei und versorgt Pflegekräfte jederzeit mit Informationen über den aktuellen Pflegebedarf der Bewohner.;prA/Assistenzsystem
AUGMEDIX;https://augmedix.com/;Clinician and patients interact naturally while Augmedix virtual healthcare data specialists observe the interaction remotely;IA/Dokumentation
BedEx;https://www.compliant-concept.ch/produkte/spital/#produkt-bedex;Kontinuierliches Monitoring trägt dazu bei, Stürze aus dem Bett um bis zu 90% zu reduzieren. BedEx™ erkennt mit seiner 360° Sensorik zuverlässig jeden Bettausstieg und informiert mit der Bettkantenwarnung Pflegekräfte frühzeitig, um präventives Handeln zu ermöglichen.;IA/Assistenzsystem
bembu;https://www.bembu.at/index.php/de/;Die bembu GPS-Watch kann bei Notfällen oder Stürzen schnell und intuitiv Hilfe verständigen. Die übermittelte GPS-Position gewährleistet schnellstmögliche Hilfe.;IA/Kommunikation
BibliomedCAMPUS;https://campus.bibliomed.de/;Bibliomed CAMPUS ist unsere Antwort auf den wachsenden Weiterbildungsbedarf in Krankenhäusern und Pflegeeinrichtungen. Hinter Bibliomed CAMPUS verbirgt sich die Idee, die Fachexpertise des Bibliomed-Verlages sowie seiner Partner in der Gesundheitsbranche zu bündeln und in ein modernes Fortbildungskonzept für Pflege- und Führungskräfte in Krankenhäusern sowie Pflegeeinrichtungen einfließen zu lassen.;wA/Kommunikation
bikelabyrinth;https://www.bikelabyrinth.com/de/;Das Bike Labyrinth ist ein System, mit dem Menschen interaktive Fahrradtouren durch Städte und Naturlandschaften im In- und Ausland machen können. Der Bildschirm, auf dem die Fahrradtouren gezeigt werden, ist an einen Hometrainer oder anderen Bewegungstrainer angeschlossen. Stellt der Fahrradfahrer das Fahren ein, hält auch die Fahrradtour auf dem Bildschirm an.;IA/Kommunikation
caera;https://caera.de/;caera ist der mobile Notrufassistent. Hilfe automatisch oder per Knopfdruck. Immer und überall! Der Assistent besteht aus einen Armband mit automatischer Sturzerkennung, einem Notrufprozess und einer App.;IA/Kommunikation
Caesar Hospital II;https://www.rofa-group.com/fts/schlepper/;Mit der FTS Serie Caesar Hospital II hat MLR einen kompakten Unterfahrschlepper für Krankenhäuser und Kliniken entwickelt, der deutlich kürzer und ein Drittel leichter ist als das Vorgängermodell.;prA/Robotik
Cairful;https://www.cairful.com/;Die Prozesssoftware von Cairful. Mit unseren Fachmodulen für Dokumentation, Abrechnung und Personalsteuerung steuern Sie Ihre Einrichtungen in allen Dimensionen.;prA/Dokumentation
MD Ambulant;https://www.medifoxdan.de/software-ambulante-pflege/;Sie suchen eine flexible Softwarelösung, die Sie bei Ihren Digitalisierungsvorhaben perfekt unterstützt und mit der Sie gleichzeitig mobil und ortsunabhängig arbeiten können? MD Ambulant bietet Ihnen all das – und noch viel mehr. Die modular gestaltete Software vereint sämtliche Funktionalitäten, die Sie für eine vollständig digitale Verwaltung Ihrer Pflegeeinrichtung benötigen. Dabei entscheiden Sie, welche Module Sie zu Beginn nutzen möchten – ergänzende Komponenten lassen sich jederzeit nahtlos in Ihr bestehendes System integrieren. ;prA/Dokumentation
carefit;https://carefit-coach.de/;Mit Carefit bringt man seine individuellen Schlafgewohnheiten und seinen Gesundheitszustand mit dem eigenen Schichtdienst wieder in die optimale Balance. Da Licht der Taktgeber für unsere Schlaf-Wach-Phasen ist, machen wir es zu unserem „Instrument“.;prA/Kommunikation
Care-O-bot;https://www.care-o-bot.de/de/care-o-bot-3.html;Als interaktiver Butler ist Care-O-bot 3 in der Lage, sich sicher unter Menschen zu bewegen, typische Haushaltsgegenstände zu erkennen, zu greifen und sich mit dem Menschen auszutauschen.;IA/Robotik
Careousel;https://www.telecaresystems.at/webshop/medikamentenspender-careousel-gsm;Careousel Advanced GSM von TeleCare stellt Ihnen mehrmals täglich zum richtigen Zeitpunkt das verordnete Medikament bereit. Dazu ertönt zweimal pro Minute ein unüberhörbares Signal und eine blinkende rote LED als visuelle Alarmierung. Erfolgt eine halbe Stunde lang keine Entnahme, wird das Medikament eingezogen, um eine Einnahme zum falschen Zeitpunkt zu verhindern.;prA/Assistenzsystem
CareSocial;https://www.caresocial.de/mobile-datenerfassung-pflege-smartphone-android-app.html;CareSocial ist keine Software von der Stange: unsere Pflege-Profis im Kundenservice helfen Ihnen gern bei Ihrer Abrechnung oder der Kommunikation mit den Leistungsträgern und Datenannahmestellen - ganz individuell, ganz nach Ihren Bedürfnissen. Durch CareSmart steht Ihnen zudem eine speziell auf die Bedürfnisse der ambulanten Pflege abgestimmte App für die effiziente mobile Datenerfassung ( mit Android-Smartphone oder auch iPhone ) zur Verfügung. ;prA/Dokumentation
CareTable;https://caretable.de/;Der CareTable ist der digitale Aktivitätstisch für die Pflege. Ein in einen regional gefertigten Tisch eingelassener großer Touchscreen bietet Spiele, Übungen, Medien und Aktivierungsangebote – speziell auf Senioren zugeschnitten.;IA/Kommunikation
CARU;https://www.caru-care.com/;Der CARU Notruf und der CARU Family Chat werden durch Sprache gesteuert und verbinden den älteren Menschen mit Vertrauenspersonen – im Alltag und im Notfall.;IA/Kommunikation
claptic;https://www.claptic.com/;claptic - die smarteste Notrufuhr mit den mehrfach ausgezeichneten Sicherheitsfunktionen: Telefon und Hilfe direkt am Handgelenk. Sturz, Unfall oder Notfall – die claptic ruft automatisch Hilfe.;IA/Kommunikation
CLARK;https://echord.eu/essential_grid/clark/index.html;The project is focus on robotized Comprehensive Geriatric Assessment. In particular, it focuses on the development of CLARC, a mobile robot able to receive the patient and his family, accompany them to the medical consulting room and, once there, help the physician to capture and manage their data during the Comprehensive Geriatric Assessment (CGA) procedures.;wA/Robotik
CLINISERVE;https://www.cliniserve.de/;Unser Fokus liegt neben verbesserter Kommunikation zwischen Pflegekräften und Patienten auf digitalen Schichtkonzepten, die Arbeitsprozesse für das Klinikpersonal erleichtern und verbessern und dabei helfen den, Pflegeengpass zu reduzieren.;prA/Kommunikation
coachFORcare;https://www.coachforcare.de/;Wir decken den gesamten Prozess der betrieblichen Gesundheitsförderung in der Pflege ab – von der Analyse über die Planung und Umsetzung bis zur wiederkehrenden Erfolgskontrolle;wA/Kommunikation
cogvis;https://cogvis.ai/;cogvisAI kann mittels 3D Smart-Sensoren Bewegungen im Raum erkennen, analysieren & in kritischen Situationen einen Alarm auslösen.;IA/Assistenzsystem
COREDINATE;https://www.coredinate.de/produkte/pflege;Beseitigen Sie mit COREDINATE alle Unklarheiten. Dokumentieren Sie nicht nur Ihre Anwesenheit zweifelsfrei, sondern auch die ausgeführten Tätigkeiten und definieren Sie Transparenz in der Pflege neu. Dafür gibt es die Pflegedokumentation von COREDINATE.;prA/Dokumentation
CrayX;https://www.germanbionic.com/cray-x-systemloesung/;Das Cray X bietet unmittelbare Unterstützung bei allen Aufgaben, die manuelles Handling beinhalten. Doch dies ist erst der Anfang. Logistikprozesse lassen sich auch langfristig sicherer und effektiver gestalten. Nur German Bionic bietet eine komplette Systemlösung an, die sich in digitale Logistik- und Smart-Warehouse-Workflows einbinden lässt. Zusätzlich bietet German Bionic Echtzeitdaten und zeigt die Auswirkung auf die Gesundheit der Mitarbeiter, sowie die nachhaltige Steigerung der Effizienz in Supply-Chain-Prozessen und der Wirtschaftlichkeit von Unternehmen auf.;prA/Assistenzsystem
CRDL;https://www.crdl.com/de/home-de/;Das CRDL (Cradle) ist ein interaktives Pflegeinstrument, dass durch die Umsetzung der zwischenmenschlichen Berührung in Geräusche eine neue Form von Kontakt ermöglicht.;IA/Assistenzsystem
CuraSoft;https://www.curasoft.de/;"CuraSoft kann mehr als du denkst! Unsere Plattform ermöglicht es Drittanbietern, sich nahtlos anzudocken und Informationen aus CuraSoft in ihre eigene Software zu integrieren.
Der Vorteil? Du sparst dir doppelte Datenpflege und kannst verschiedene Anwendungen – von Buchhaltung über Sales bis hin zu Marketing – ganz einfach miteinander verknüpfen. Alles läuft zentral über CuraSoft, sodass du effizienter arbeiten kannst.";prA/Dokumentation 
DayClocks;https://www.dayclocks.de/;DayClocks sorgt tagtäglich für Struktur und Übersicht, da nicht nur die Uhrzeit, sondern auch die Termine des Benutzers angezeigt werden. Diese können vom Benutzer und/oder von der Pflegekraft eingeplant werden.;IA/Kommunikation
Decon-X;https://decon-x-deutschland.de/;Seit 2014 entwickelt Decon-X International unermüdlich Technologien, die Institutionen zur echten Desinfektions-Prävention führen. Es geht um die Konzeptumkehr: Nicht nur Ausbrüche bekämpfen, sondern auch bereits verhindern. Unsere Decon-X-Technologie wurde von einem Expertenteam aus Forschern, IT-Spezialisten und Ingenieuren bis ins kleinste Detail durchdacht – mit besonderem Fokus auf höchste Praktikabilität und Zuverlässigkeit;prA/Robotik
DEJORIS;https://www.dejoris.de/de/uebersicht;Mit DEJORIS erstellen Sie in nur fünf Schritten Ihren fertigen Dienstplan. Intuitive Funktionen helfen Ihnen anschließend u.a. mit Ihren Mitarbeitern zu kommunizieren, Auswertungen zu erstellen oder auch Arbeitszeiten zu erfassen. ;prA/Dokumentation
DigiRehab;https://dev.digirehab.de/;DigiRehab ist ein maßgeschneidertes und kosteneffizientes digitales Übungsprogramm, das in der Altenpflege zum Einsatz kommt und die Lebensqualität von Mitarbeitern und Patienten in Pflegeeinrichtungen nachhaltig verbessert.;IA/Kommunikation
DM7;https://dm-edv.de/produkte/dm7-stationaer/;Verwaltung und Abrechnung, Einsatz- und Tourenplanung, Pflegeplanung und Dokumentation, Dienstplanung, Controlling und Management und DM7 Mobile – entdecken Sie die intelligenten Module unserer stationären Lösung.;prA/Dokumentation
DMRZ-Pflegeapp;https://www.dmrz.de/software/pflege-app?gclid=EAIaIQobChMItJb3peie8wIV6UaRBR0ysQwwEAAYASAAEgJT9vD_BwE;Einfach mit der praktischen App-Funktion SmartSnapp QR-Code auf den Pflegedokumenten fotografieren und die Daten werden automatisch im System erfasst. Eine zeitaufwendige Nachbearbeitung bleibt Ihnen erspart!;prA/Dokumentation
Dragon Medical One;https://www.nuance.com/de-de/healthcare.html;Die neue Generation der Spracherkennung. Jederzeit und überall verfügbar aus der deutschen Cloud.;prA/Dokumentation
easierLife;https://www.easierlife.de/;Mobiles intelligentes Notrufsystem für Demenzerkrankte, Sicherheit für Weglaufgefährdete durch Geofencing, Basisstation mit Bewegungssensoren, Kontaktsensoren, Aktivitätsmessung durch Infrarot, einschl. mobiler App für Benachrichtigungen zur Situation und Notruf, Wohlaufbenachrichtigung per App;IA/Kommunikation
ecaria;https://ecaria.de/;Wir entwickeln digitale Lösungen, um die Organisation von Pflegebedürftigkeit, zustehenden Leistungsansprüchen und bürokratischen Vorgängen in der Pflege für pflegende Angehörige und Pflegebedürftige ganzheitlich zu erleichtern – daher steht neben der digitalen Begleitung über die „Pflegereise“ hinweg auch das Thema inhaltliche Befähigung im Vordergrund.;wA/Kommunikation
ePA;https://www.epa-cc.de/;epa (effiziente Pflegeanalyse) ist ein System zur elek­tronischen Pflege­prozess­­doku­mentation. Es bildet Pflege­verläufe ab und liefert solide Ent­scheidungs­grundlagen für Pflege­­fach­personen und Klinik­­management.;prA/Dokumentation
escos-Copilot;https://www.escos-automation.com/;Der Copilot von escos ist ein digitaler Pflegeassistent, der ein selbstbestimmtes Leben im Alter fördert. Er erkennt schnell und zuverlässig Notfälle und leitet umgehend Hilfe ein – ganz ohne aktive Beteiligung der Nutzer:innen. Seine Sensoren erfassen z. B., wenn eine Person stürzt oder ein Herd noch in Betrieb ist.;IA/Assistenzsystem
GaBaLEARN;http://eduproject.eu/gabalearn/;Der BMBF-Projektverbund „Game Based Learning in Nursing – Spielerisch Lernen in authentischen, digitalen Pflegesimulationen“ (GaBa_Learn) arbeitet an der Entwicklung und Erprobung von computerbasierten Lernspielen, die für eine komplexe pflegerische Fallarbeit im Rahmen der Pflegeausbildung eingesetzt werden können.;wA/Kommunikation
geta(i)plan;https://www.hawk-intech.com/;getaiplan ist eine intelligente Schichtplanungssoftware für die hochflexible Personaleinsatzplanung, optimiert für die Industrie. Hierbei kommt künstliche Intelligenz (ai) zum Einsatz.;prA/Dokumentation
GO ON;https://www.godo-systems.de/ambulante-betreuung/ambulant-manager/;GO ON® Ambulante Betreuung ist Ihre moderne Software für die ambulante Pflegedienste, Intensivpflege, Hilfen im Alltag und Tagespflege.;prA/Dokumentation
Granny Vision;https://www.granny-vision.com/vr-fuer-senioren-pflege;Wir wollen älteren Personen in der virtuellen Realität Erlebnisse ermöglichen, die sie auf Grund ihrer physischen oder psychischen Verfassung nicht mehr real erleben können. Beispielsweise durch den Wald zu spazieren, den Sonnenuntergang am Strand genießen, den Besuch einer Oper oder eine Busfahrt durch Rom.;IA/Kommunikation
G-Guard;https://www.pikk-systems.de/produkte/PIKKSENSE/pikksense-senior.htm;Der G-Guard ist ein weltweit einzigartiges Sturzerkennungssystem, welches keinerlei Energien wie z.B Radar, Licht-, Laser oder Infrarotstrahlung aussendet. Es kann 24x7 autark und selbstständig Stürze von Personen erkennen.;IA/Kommunikation
Helfer Portal;https://www.helferportal.de/;Die Helferportal GmbH & Co. KG unterstützt soziale Organisationen und Kommunen beim Aufbau und Management von Helferkreisen. Wir bringen logistisches Know-how und Digitalisierung in den sozialen Bereich ein.;wA/Kommunikation
HerzBegleiter;https://herzbegleiter.de/startseite/;Mit der sofort verfügbaren Hilfe der Tele-Pflegeberatung verbessern und entlasten wir die Versorgungssituation von Pflegenden und Pflegebedürftigen. Pflegeexperten sprechen und sehen. Drängende persönliche Fragen rasch beantworten für eine bessere Bewältigung des Alltags.;IA/Telecare
HLth.care;https://hlthcare.club/#organisatorisch-entlastet;Die HLth.care Team App unterstützt die Selbstorganisation von Teammitgliedern und verringert den Aufwand für das Organisatorische im Team. Es gibt zahlreiche Funktionen: Dienstplan führen und teilen, Chatten, Digitaler Berufsausweis, Skill-Suche, Krankmeldungen, Ausfallmanagement, Dienste in- extern ausschreiben, Springerpool Management, Arbeitszeiterfassung und Leistungsdokumentation, Diensttausch-Assistent auch mit abteilungsübergreifendem Tauschen, Zeitkorrekturen, Pausenkorrekturen, Arbeitszeiterfassung, Schnittselle zu HR und Kliniksystemen, Bitte-nicht-stören Funktion, Frei-& Dienstwünsche übermitteln und vieles mehr. ;prA/Dokumentation
hublo;https://hublo.com/de;Durch hohe Ausfallquoten und den temporären Anstieg des Arbeitsaufkommens ist das Ausfallmanagement zu einer strukturellen Herausforderung für Gesundheits- und Pflegeeinrichtungen geworden. Wir bieten unseren Kunden eine intuitive und effektive digitale Lösung, die Ihrem Anspruch gerecht wird.;prA/Kommunikation
icho;https://icho-systems.de/;Mit ichó bringen wir dir dein persönliches Therapiesystem nach Hause, damit du die beste Förderung erhältst. ichó unterstützt dich bei deinem Therapieprozess, für ein selbstbestimmtes und uneingeschränktes Leben.;IA/Kommunikation
iliviClinic;https://www.ilvi.io/ilviclinic?lang=en;Supports the essential processes of clinic staff. ilviClinic controls the exchange of data with various medical devices and forms the interface between patient, nurse and hospital information system (HIS).;prA/Kommunikation
iliviHome;https://www.ilvi.io/ilvihome?lang=en;With the help of ilviHome, a large number of parameters can be recorded at home by the patients themself and transferred to the clinic. Avoid unnecessary hospital stays.;prA/Telecare
KI-Campus;https://ki-campus.org/datenfluss;Der Kurs „Stadt | Land | DatenFluss“ sensibilisiert für einen souveränen Umgang mit Daten in einer digitalisierten Welt und weckt das Interesse an neuen datengestützten Technologien.;wA/Kommunikation
LAQA;https://www.laqa.de/;Der smarte Trinkbecher von LAQA erinnert den Nutzer an eine ausreichende Flüssigkeitsaufnahme. Das Trinkverhalten wird erfasst und die gewonnen Daten zur Analyse in unser Rechenzentrum übermittelt. Dort ist für jeden Nutzer ein Trinkprofil hinterlegt, mit dem der jeweilige Flüssigkeitskonsum abgeglichen wird. ;IA/Assistenzsystem
LearnBase;https://www.althammer-kill.de/akademie/e-learning;Digitalisierung ist längst nicht mehr nur ein Thema über das man redet, sondern mit dem stetigen Zuwachs von Homeoffice, mobiler Arbeit und Telearbeit auch eines in dem viel Bewegung ist und für das etwas getan wird. Wir unterstützen Sie an dieser Stelle passgenau mit unserer E-Learning-Plattform LearnBase, mit der Sie Ihre Mitarbeitenden einfach, bequem und zeitsparend überall schulen und unterweisen können.;wA/Kommunikation
LearningApps;https://learningapps.org/;LearningApps.org unterstützt Lern- und Lehrprozesse mit kleinen interaktiven, multimedialen Bausteinen, die online erstellt und in Lerninhalte eingebunden werden. Für die Bausteine (Apps genannt) steht eine Reihe von Vorlagen (Zuordnungsübungen, Multiple Choice-Tests etc.) zur Verfügung. Die Apps stellen keine abgeschlossenen Lerneinheiten dar, sondern müssen in ein Unterrichtsszenario eingebettet werden.;wA/Kommunikation
LifeBonus;https://www.lifebonus.health/;LifeBonus ist Marktführer im Bereich der berufsspezifischen Gesundheitsförderung für Pflegende. Wir betreuen Tausende von beruflichen Pflegekräften in ganz Deutschland. Wir unterstützen pflegende Angehörige mit der »ich pflege« App. Und wir bündeln Gesundheitskompetenz von heute mit den digitalen Möglichkeiten von morgen.;wA/Kommunikation
LINarm++;https://echord.eu/linarm.html;LINarm++ is a device for neuromuscular rehabilitation of the upper limb, designed to enable rehabilitation training and treatment in both home and clinical environment.;IA/Telecare
Lindera;https://lindera.de/de-de/lindera;Die LINDERA Mobilitätsanalyse vereinfacht die individuelle Sturzrisikobewertung und liefert direkt Maßnahmenempfehlungen, integriert in den Pflegealltag und gemäß der SIS. ;wA/Dokumentation
LingoCARE;https://lingo.care/;Lingocare ist ein junges Digitalunternehmen mit online Lernangeboten extra für Pflegekräfte. Schwerpunkt sind unsere Online-Deutschkurse. Die fehlenden Sprachkompetenzen von Pflegekräften stellen Einrichtungen täglich vor große Herausforderungen. Corona zeigte uns: Lernen geht auch digital.;wA/Kommunikation
Lio;https://www.fp-robotics.com/de/lio/;Lio ist ein freundlicher, mobiler Roboter mit einem funktionalen Arm, der Menschen aktiv unterstützt. Er wird an verschiedenen Orten eingesetzt – in Pflege- und Altenpflegeeinrichtungen, Rehabilitationszentren oder zu Hause. Lio ist in der Lage, mit Menschen zu kommunizieren, sie zu unterhalten und Fachleute bei ihren täglich anfallenden Aufgaben zu unterstützen.;IA/Robotik
Lylu;https://lylu-2023.webflow.io/;Das Herzstück des Lylu Senioren Tablets ist die seniorengerechte Software, die es Senioren ermöglicht beliebte Apps einfach und unkompliziert zu nutzen. Mit den Liebsten per Video telefonieren. Bilder von Erlebnissen mit den Enkeln teilen. Sprachnachrichten versenden. Lustige Videos auf YouTube anschauen. Wikipedia durchstöbern. Spiele spielen. Alles kein Problem mit Lylu. Denn alle Funktionen folgen der gleichen einheitlichen und seniorengerechten Bedienung. Es gibt keine Pop-ups und keine Werbungen.;IA/Kommunikation
magic minutes;https://www.magic-minutes.de/;magic minutes bietet sorgsam ausgewählte Musik, Bilder, Töne, Hörstücke und Übungen für die spontane Aktivierung. Vorkenntnisse für die Bedienung sind nicht notwendig. Eine kurze Anleitung im Portal erklärt anschaulich die einfache grundlegende Funktionsweise aller Anwendungen. magic minutes ist auf allen mobilen und stationären Endgeräten einsetzbar.;IA/Kommunikation
medanets;https://medanets.com/de/;Die Medanets Krankenhaus-App wurde zusammen mit Fachkräften aus dem Gesundheitswesen entwickelt. Sie vereinfacht die Pflegeroutinen, unterstützt die Entscheidungsfindung und gewährleistet durch die digitale Dokumentation zusätzliche Zeit für Pflegemaßnahmen direkt beim Patienten.;prA/Dokumentation
media4care;https://www.media4care.de/;Media4Care ist Ausdruck eines tief sitzenden Wunsches: Mehr Lebensfreude für Senioren, Pflegebedürftige und Menschen mit Demenz zu ermöglichen. Gemeinsam entwickelt unser engagiertes Team ein innovatives Tablet mit einzigartigen Inhalten.;IA/Kommunikation
MediActive;https://www.medicactiv.com/en/;Role playing simulators allows learners in graduate or continuing education to develop, refine, and apply knowledge and skills in a realistic situation. By interacting with patients and objects in a situation close to everyday life, virtual simulation improves critical thinking, acquisition of automatisms and clinical decision-making skills.;wA/Kommunikation
MediFox;https://www.medifox.de/pflege-app/;MediFox steht für ganzheitliche Softwarelösungen für Ihren Pflegedienst. Mit der weiter fortschreitenden Digitalisierung ergeben sich immer größere Anforderungen an Mobilität und Flexibilität. Dadurch wird auch das Smartphone immer wichtiger, sodass Sie auch von unterwegs aus arbeiten können und sich keine Lücken ergeben.;prA/Dokumentation
medipee;https://www.medipee.com/?cookie-state-change=1636478251896;Über 2 Milliarden Urintests pro Jahr sind häufig fehlerhaft, zeitaufwändig und vor allem unangenehm in der Probenahme. Für die bisherige Messung müssen Probanden meist umständlich in einen Becher urinieren. Danach wird die Probe über viele manuelle Zwischenschritte weiter verarbeitet. Medipee löst dieses Problem in dem der Urin unmittelbar dort analysiert wird, wo er abgegeben wird. Wir digitalisieren die Urinanalyse mit einer App samt Gerät, das an die Toilette geklipst wird.;prA/Assistenzsystem
OPUS;https://myopus.eu/Branchenloesungen/Ambient-Assisted-Living/;Ambient Assisted Living (AAL) bietet innovative Lösungen, um Menschen dabei zu helfen, länger in ihren eigenen vier Wänden zu bleiben und gleichzeitig Sicherheit, Komfort und Unabhängigkeit zu gewährleisten. Dieses unterstützende Wohnkonzept umfasst eine Vielzahl von Technologien, darunter Sensoren, intelligente Geräte und Kommunikationssysteme, die dazu beitragen, den Alltag zu erleichtern und die Lebensqualität zu verbessern. Erfahren Sie mehr über die Möglichkeiten, die OPUS für ein aktives und gesundes Leben bietet, unabhängig von Alter oder Einschränkungen.;IA/Kommunikation
M-Guard;https://www.panion.eu/;Der M-GUARD PRO ist ein Notrufarmband mit integriertem Notrufknopf, GPS-Ortungsfunktion, Telefonfunktion und integriertem Sturzsensor*. Durch die einfache Bedienung, bietet der M-GUARD PRO einen optimalen Schutz für Senioren und Pflegebedürftige.;IA/Kommunikation
MiRo-E;https://consequentialrobotics.com/miroe;MiRo is a fully programmable autonomous robot for researchers, educators, developers and healthcare professionals. With six senses, eight degrees of freedom, an innovative brain-inspired operating system and a simulation software package, MiRo is a flexible platform suited for developing companion robots.;IA/Robotik
Mobility Monitor;https://www.compliant-concept.ch/produkte/spital/#produkt-mobility-monitor;Das Patientenmonitoring-System Mobility Monitor™ ermöglicht Ärzten und Pflegeexperten in Echtzeit eine massgebliche Optimierung verschiedener Qualitätsindikatoren, insbesondere Sturz und Dekubitus, sowie Schmerzen und Delir. Durch kontinuierliches Auswerten der Bewegungen sowie des Aufsteh- und Schlafverhaltens der zu pflegenden Personen werden die notwendigen Massnahmen und zu treffenden Vorkehrungen rechtzeitig erkannt und können dynamisch bedürfnisgerecht angepasst werden.;prA/Dokumentation
moio.care;https://moio.care/;Gute Pflege braucht Zeit. Das moio.care System ist rund um die Uhr für pflegebedürftige Menschen da, um ihre Pflege zu verbessern und Sie zu entlasten. Der digitale Pflegeassistent erkennt Notsituationen und informiert Sie, wenn Sie gebraucht werden.;IA/Assistenzsystem
Moodle;https://moodle.org/;Mit Hunderten Millionen Benutzern auf der ganzen Welt und Übersetzungen in über 100 Sprachen gibt Ihnen Moodle die Freiheit, Online-Lehr- und Schulungslösungen zu erstellen, die den Bedürfnissen Ihrer Lernenden am besten entsprechen.;wA/Kommunikation
MYO;https://www.ppz-nuernberg.de/myo/;Mittels der datenschutzkonformen App konnten sie die Angehörigen anhand von Fotos, Videos, Text- und Sprachnachrichten am Alltag der Bewohner*innen jederzeit teilhaben lassen. Dadurch wurde die wertvolle Arbeit der Pflege- und Betreuungskräfte transparenter und eine motivierende Anerkennung seitens der Familien war häufig in deren eingehenden Antworten und Reaktionen erkennbar.;IA/Kommunikation
navel robotics;https://navelrobotics.com/;Wir entwickeln eine soziale Roboterfigur, die Betreuungskräfte entlastet und das Wohlbefinden Pflegebedürftiger steigert. Sie ist komplett autonom, bewegt sich frei im Raum, sucht aktiv den Kontakt zu Menschen und animiert zur Interaktion. Per Sprache begrüßt die Roboterfigur beim Namen, fragt nach dem Wohlbefinden, gibt Informationen zum Mittagessen oder bietet bei Langeweile auch sprachbasierte Spiele an. Die Figur kann sogar Interventionen aus der Positiven Psychologie durchführen.;IA/Robotik
nevis;https://nevisq.com/;Wir glauben an eine Gesellschaft, in der jeder in Würde altern kann, und dass Freiheit und Sicherheit Hand in Hand gehen müssen. Deshalb haben wir unter der Marke nevisCura verschiedene Lösungen entwickelt, die Stürze erkennen und verhindern. Als technischer Helfer entlastet nevisCura Pflegekräfte und ermöglicht Senioren ein sicheres Leben.;IA/Assistenzsystem
NICE;https://nice-education.de/;Das Network for International Care Education - kurz NICE - ist eine E-Learning Plattform, die auswärtige Pflegefachpersonen durch Fachsprachübungen und Kulturvermittlung dabei unterstützt, sich besser im Arbeitsalltag und im privaten Leben in Deutschland zurechtzufinden.;wA/Kommunikation
nobi;https://nobi.life/;Nobi enables elderly people to live at their desired place for as long as possible. With its smart lamps Nobi can detect falls and can, if needed, contact family or caregivers quickly.;IA/Kommunikation
NOVAHEAL;https://novaheal.de/;An Novaheal arbeiten Lehrkräfte, Psycholog:innen, UX-Designer:innen, Entwickler:innen und Pflegekräfte gemeinsam, um eine Lernplattform zu schaffen, die das hält, was sie verspricht: Auszubildende sicher und praxisnah auf dem Weg zur Pflegekraft begleiten!;wA/Kommunikation
NuersePlan;http://www.nurseplan.de/;NursePlan® ist eine Computersimulation, die typische Planungs- und Problemlöseanforderungen abbildet, wie sie täglich im Stationsalltag vorkommen. Die Aufgabe für die Nutzerinnen und den Nutzer besteht darin, in der virtuellen Pflegewelt verschiedene pflegerische Probleme zu erkennen und dann geeignete Pflegemaßnahmen umzusetzen.;wA/Kommunikation
NUI Care;https://www.nui.care/;Egal ob Anträge stellen, Arzttermine organisieren, Pflegehandgriffe erlernen oder persönliche Beratung durch Pflegeexperten. Pflege einfach gemeinsam meistern.;wA/Kommunikation
careIT;https://nursit.de/nursit-home;Wir haben eine moderne, intuitive Expertensoftware geschaffen, die nicht nur beim täglichen Pflegeprozess und der Pflegedokumentation mittels KI und Prädiktion unterstützt, sondern auch Routineaufgaben automatisch und selbstständig übernehmen kann. careIT ist mobil und kann in allen Pflegesettings und -sektoren interoperabel genutzt werden.;wA/Dokumentation
orgavision;https://www.orgavision.com/software;orgavision erfüllt alle Anforderungen einer Software für moderne, digitale Managementsysteme: Informationen zuverlässig lenken und verteilen, Wissen speichern, Prozesse transparent und nachvollziehbar machen.;prA/Kommunikation
PARO;http://www.parorobots.com/index.asp;PARO is an advanced interactive robot developed by AIST, a leading Japanese industrial automation pioneer. It allows the documented benefits of animal therapy to be administered to patients in environments such as hospitals and extended care facilities where live animals present treatment or logistical difficulties.;IA/Telecare
Pepper;https://www.probo-robotics.at/humanoider-roboter-pepper/;Pepper dient als Ansprechpartner für Patienten, muntert sie auf und erfüllt Ihre Wünsche.;IA/Robotik
PETRA;https://www.merckgroup.com/de/research/science-space/envisioning-tomorrow/precision-medicine/petra.html;PETRA steht für Prescreening Experience Through Robot Assessment. Also ein Vorabscreening durch ein Robotergutachten, das in einer öffentlich zugänglichen Umgebung stattfinden soll.;wA/Robotik
pflege campus;https://www.pflegecampus.de/demo/1/?id=5&aktiv=fachfortbildungen&gclid=EAIaIQobChMIxJPXrKKh8wIVk7myCh0rgQ0nEAAYAyAAEgI_7PD_BwE&gclsrc=aw.ds;Sie haben Zugriff auf TOP-Experten zu verschiedensten Themen und Wissen aus der Pflegebranche in unserem einzigartigen Kursangebot mit über 250 Schulungen inklusive Pflichtunterweisungen mit mehrsprachigen Untertiteln.;wA/Kommunikation
Pflegedienst-Manager;https://www.pflegedienst-personal.de/app-pflegedienst-manager.html;Alle Tätigkeitsprofile in ihrer Pflegeeinrichtung werden durch Symbole in der App dargestellt und unterstützen ihre Mitarbeiter bei der Erfassung täglicher Routinearbeiten sowie der papierlosen Verwaltung und Dokumentation von Pflegeleistungen.;prA/Dokumentation
Pflegepartner;https://www.vkb.de/content/services/exklusiver_gesundheitsservice/pflegepartner/;"Mit der Informationsplattform „PflegePartner"" haben wir ein Angebot speziell für pflegende Angehörige auf die Beine gestellt – unabhängig davon, ob Sie bei uns versichert sind.";prA/Kommunikation
Pflegeplatzmanager;https://www.pflegeplatzmanager.de/;Der Pflegeplatzmanager ist eine webbasierte, digitale Plattformlösung, die ein gesetzes- und vertragskonformes Entlass-, Aufnahme und Überleitmanagement ermöglicht. Unser Ziel ist es, jeden Patienten eine bedarfsgerechte Versorgung unter Berücksichtigung des Wunsch- und Wahlrechts bieten zu können und alle Akteure auf Augenhöhe zu vernetzen.;prA/Dokumentation
Pflegerwohl;https://www.pflegerwohl.de/pflegerwohl-app;Deswegen funktioniert der digitale Austausch so leicht wie bei bekannten Messenger-Diensten. Sogar per Sprachnachricht. Dokumentationen werden einmalig erfasst und sind für jeden Berechtigten zugänglich – genauso wie Übergabeprotokolle.;prA/Kommunikation
Philips Lifeline;https://www.lifeline.philips.com/;Our easy-to-use medical alert systems let you summon any type of help whenever you need it, any time of day or night - even if you can't speak1. All you need to do is press your help button, worn as a wristband or pendant, and a Trained Care Specialist will make sure you quickly get the help you need.;IA/Kommunikation
PLANERIO;https://planerio.de/;Die Kombination aus Künstlicher Intelligenz (KI) mit der Erfahrung aus Millionen von Dienstplänen versetzt uns in die Lage, den Dienstplanungsprozess vollständig zu automatisieren. Unser Algorithmus verarbeitet die Komplexität beliebig vieler Planungsvariablen in wenigen Minuten.;prA/Dokumentation
QuartrBack;https://www.develop-group.de/produktsoftware-sensor/senso-innovativ/quartrback;"Eine Fördermaßnahme im Rahmen des Förderschwerpunktes ""Pflegeinnovationen für Menschen mit Demenz"". Für mehr Mobilität, Unabhängigkeit und Teilhabe am sozialen Leben mithilfe eines Ortungsgerätes in der Altenpflege";IA/Assistenzsystem
Quiply;https://insights.quiply.com/blog/die-mitarbeiter-app-in-der-pflege-dynamische-kommunikation-und-das-standort%C3%Bcbergreifend;WhatsApp-Gruppen und Co. war gestern – vertrauen Sie auf eine vielschichtige und Datenschutz-konforme App für Ihre Mitarbeiter, deren Mehrwert für Ihre interne Kommunikation und die Vereinfachung Ihrer Prozesse Sie verblüffen wird.;prA/Kommunikation
Qwiek;https://qwiek.eu/de/up;Das Qwiek.up schafft ein audiovisuelles Erlebnis für Betreute, das sie in ihrer eigenen Welt erreicht. Dies reduziert in vielen Fällen den Betreuungsbedarf der Bewohner. Das Qwiek.up bietet zahlreiche Interventionsmöglichkeiten und unterstützt die Betreuer in den Momenten, die danach verlangen.;IA/Assistenzsystem
recare;https://recaresolutions.com/;Wir suchen, finden und koordinieren die Kapazitäten für optimal geplante Versorgungspfade. Damit Sie mehr Zeit für Ihre Patienten haben.;prA/Kommunikation
SafeSense 3;https://www.wi-bo.com/en-DE/nursing-care/DigitalSolutions/SafeSense3;SafeSense® 3 consists of a completely contactless, patented sensor pad which is positioned under the mattress and detects the smallest pressure changes in real time. This allows the movement activity of residents or patients to be recorded and the visualised data can be used to draw valuable conclusions about their individual movement profile.;prA/Assistenzsystem
SELBSTANAMNESE;https://www.selbstanamnese.de/;"Im Krankheitsfall werden Ihre potenziell medizinisch relevanten Informationen durch das Fachpersonal erfasst.
Diese Informationen können Sie im Vorfeld vorbereiten - das spart wertvolle Zeit und Ressourcen. ";IA/Kommunikation
SensFloor;https://future-shape.com/system/;SensFloor ist ein großflächiges Sensor Underlay, das unter jedem Bodenbelag installierbar ist – unauffällig und diskret. Personen, die über den Boden gehen erzeugen Signale, die zu einem Empfänger gefunkt werden. Dieser kann Anzahl der Personen, ihre Bewegungsrichtung und Geschwindigkeit berechnen, sowie Stürze erkennen.;prA/Assistenzsystem
SENSO;https://www.develop-group.de/produktsoftware-senso/senso-innovativ/dynasens/;Ergebnisse des am 31.12.2015 abgeschlossenen Forschungsprojektes wurden in die Pflegedokumentationssoftware SENSO® übernommen. Durch das neuartige Konzept wird es möglich, die auf die Pflegemitarbeiter wirkenden körperlichen und psychischen Belastungen z. B. in der Tourenplanung zu berücksichtigen und individuelle Belastungsgrenzen nicht zu überschreiten – und das ganz ohne zusätzlichen Technikeinsatz.;prA/Dokumentation
SIGUBOX;https://www.sigubox.de/;Monatliche kostenfreie Lieferung von Pflegehilfsmitteln im Wert bis zu 60 EUR – kostenlos, stressfrei. Das ist SIGUBOX, das Pflegepaket für Menschen mit Pflegegrad.;prA/Telecare
SIGUDOKS;https://www.sigudoks.de/;SIGUDOKS stellt sicher, dass Sie im Krankheitsfall so versorgt werden, wie Sie es wollen! Das digitale Vorsorge-Set SIGUDOKS gibt Angehörigen und Gesundheitseinrichtungen alle notwendigen Antworten dazu: Informationen zu Ihrer Person, Ärzten, Notfallnummern, Krankengeschichte, Allergien & Unverträglichkeiten, Impfungen, Digitaler Nachlass uvm.;prA/Dokumentation
siilo;https://www.siilo.com/de/;Die intuitive Benutzeroberfläche und das speziell für das Gesundheitswesen entwickelte Design machen Siilo zum bevorzugten Messenger von mehr als 350.000 medizinischen Fachkräften. Sichere Koordination Ihrer Patientenversorgung und anwenderfreundliche Besprechung schwieriger Fälle sind nur einen Klick entfernt.;prA/Kommunikation
Silverfit;https://silverfit.com/de/;SilverFit bietet 3D basierte Trainingsmethoden für die Rehabilitation und Altenpflege an, mit denen ältere Menschen länger unabhängig und mobil bleiben können. Spezielles Angebot für Menschen mit Demenz. Bewegungsgesteuerte Computerplattform mit 3D Kamera.;wA/Telecare
simplinic;https://www.simplinic.de/;simplinic.Cloud enthält ein 3D-Raummodell des Krankenhausgebäudes. Dieses wird initial von simplinic-Mitarbeitern während des Rollouts im Map-Editor der Software auf Grundlage von Flurplänen erstellt. Das Raummodell basiert auf Längen- und Breitengraden sowie Bezeichnung und Funktion der Räume. Auf Basis dieser Informationen kann die Software lokalisierte Objekte einem Raum zuordnen.;prA/Dokumentation
Sturzmelder;http://www.sturzmelder.de/#:~:text=Sie%20tragen%20den%20Sturzmelder%20immer%20bei%20sich.%20Wenn,und%20sendet%20gleichzeitig%20eine%20Textnachricht%20an%20alle%20Nummern.;Der Sturzmelder schenkt Senioren und Menschen, die manchmal auf Hilfe angewiesen sind, Unabhängigkeit und Sicherheit.Durch einen einfachen Knopfdruck auf den Sturzmelder kann jederzeit Hilfe organisiert werden, ebenso ist eine automatische Rufauslösung bei Unfällen oder Stürzen möglich;IA/Kommunikation
Super Nurse;https://supernurse.de/;Auf Dich und Dein Team warten mehr als 5.500 spannende Fragen zu über 41 Fachthemen. Bring Dich und Dein Team spielerisch immer auf den aktuellsten Stand der Pflegewissenschaft.;wA/Kommunikation
TabTime;https://de.tabtime.com/products/tabtime-4;Das neue TabTime 4 fasst bis zu 28 Aspirin-Tabletten in jedem der 4 Fächer, was einer Kapazität von über 100 Tabletten pro Tag entspricht! TabTime 4 bietet außerdem zwei Alarme, eine blinkende rote LED und einen Audioalarm mit einer wirklich guten Lautstärke!;prA/Assistenzsystem
Tante Laura;https://www.tante-laura.com/;Tante Laura ist eine digitale Besuchsbrücke der Familie zu ihren einsamen Senioren. Sie schafft dauerhaften Kontakt zu den lieben Alten, die leider nicht mehr telefonieren können oder sich in der digitalen Welt des WhatApps etc. nicht mehr zurecht finden. Die Angehörigen füllen Stunden eines permanenten Wochen-Sendeplans mit schönen, vertrauten Botschaften (Fotos, Musik, Kurzvideos, Text-Grüsse), die bei den Betroffenen auf einem Tablet angezeigt werden.;IA/Kommunikation
TAVLA;https://www.tavla.de/;TAVLA entwickelt interaktive Lösungen die besonders einfach per Touch & Sprache bedient werden können. Die über alle Anwendungen hinweg gleichartige Interaktion macht die Nutzung spielend einfach. Dank der übersichtlichen und multimodalen Interaktion können auch Personen mit Einschränkungen ohne fremde Hilfe die Anwendungen nutzen.;IA/Kommunikation
Thieme Coach;https://www.thieme.de/de/thieme-telecare/thieme-coach.htm;Mit der smarten Gesundheitsplattform von Thieme TeleCare werden Patienten in ihrer individuellen Erkrankungssituation unterstützt. Die dazugehörige App Thieme Coach bildet die digitale Oberfläche, mit der Patienten ihre Gesundheit managen. Ein persönlicher Coach kann Patienten zudem über die Thieme Coach App digital und telefonisch begleiten.;wA/Telecare
tigerconnect;https://tigerconnect.com/;TigerConnect solutions put communication, data, and alerts at your fingertips – mobile, reliable, and secure;prA/Kommunikation
Töchter & Söhne;https://toechtersoehne.com/;Töchter & Söhne möchte hilfs- und pflegebedürftige Menschen bestmöglich im Pflegealltag unterstützen. Dafür entwickeln und betreiben wir qualitätsgesicherte E-Health-Lösungen für Betroffene sowie ehrenamtlich und professionell Pflegende.;wA/Kommunikation
Tovertafel;https://www.tover.care/de/;Pflegetechnologie, die es Pflegekräften ermöglicht, Ihre Bewohner und Tagesgäste spielerisch zu betreuen. Tovertafel ist ein Click-and-Ready-System, eine Art Beamer mit Videospielen, die auf einen Tisch projiziert werden. Fördert Lebensqualität und Bewegung bei kognitiven beeinträchtigten Menschen.;IA/Kommunikation
überblick;https://uberblick.io/demo/;Wir entlasten Menschen in der Pflege mit unserer einfachen Lösung für Kommunikation & Koordination. Überblick ist komplementär zur Pflegesoftware und deckt Themen ab, die bisher per Telefon, WhatsApp, Zettel oder im Team-Meeting kommuniziert wurden. Dafür haben wir eine übersichtliche Webversion für die Kolleg*innen am Schreibtisch und ganz einfache mobile Apps für die Kolleg*innen unterwegs entwickelt.;prA/Kommunikation
VAR;https://www.varhealthcare.de/;VAR Healthcare liefert evidenzbasierte Handlungsempfehlungen mit pädagogischen Illustrationen, sowie Zusammenfassungen neuester Forschung, Wissenstests und einen praktischen Rechner.;wA/Kommunikation
Vemotion System;https://www.habel-medizintechnik.at/klinik/geraeteprogramm/robotergestuetzte-fruehmobilisierung/vemo-system;Studien und klinische Erfahrungen belegen: Frühmobilisierung für Intensivpatienten kann den Genesungsverlauf beschleunigen und zur Wiedererlangung der Selbstständigkeit beitragen. Das innovative Vemotion System ist ein robotisch assistiertes System für die Frühmobilisierung von Intensivpatienten.;IA/Robotik
Vielfalt Pflegen;https://www.vielfalt-pflegen.info/;Wie können professionell Pflegende und das Pflegemanagement auf die Bedürfnisse von Menschen mit Migrationsgeschichte eingehen? Vielfalt Pflegen möchte für dieses Thema sensibilisieren, Vorurteile abbauen und Perspektiven aufzeigen. Die Fortbildung stärkt transkulturelle Kompetenzen im Pflegealltag und trägt dazu bei, kulturelle Unterschiede gezielt und angemessen zu berücksichtigen.;wA/Kommunikation
VitaDock+;https://www.medisana.de/VitaDock-App-2-0.html;Mit der VitaDock+ App können alle Gesundheits- und Vitaldaten immer und überall im Blick gehalten werden. Als Nutzer kann man jeden Wert mit Kommentaren ergänzen und sich zusätzlich Verläufe und Auswertungen darstellen lassen. So wird Gesundheitsmanagement noch individueller.;prA/Dokumentation
Vitakt;https://www.vitakt.com/de/vitakt-website/vitakt/das-vitakt-system/;Dafür haben wir ein Hausnotrufsystem entwickelt, das einfach in der Bedienung ist und auf Knopfdruck Notrufe zuverlässig weiterleitet. Diese Notrufe führen nur selten zum Einsatz eines Rettungswagens, häufiger wird Unterstützung durch Angehörige, Nachbarn oder Pflegedienste (Hausnotrufbereitschaft) angefordert.;IA/Kommunikation
Vmobil;https://www.advanova.de/;VMobil ist die erste elektronische Lösung, die eine in Krankenhäusern und anderen Einrichtungen zur Visite, Dokumentation und Information über den Behandlungsstatus genutzte papiergebundene Patientenkurve komplett ablöst. Dadurch ermöglicht VMobil die elektronische Dokumentation aller ärztlichen und pflegerischen Leistungen – insbesondere auch auf mobilen Endgeräten wie z. B. Tablets.;prA/Dokumentation
Wear&Care;https://wearandcare.com/de/start-2/;Wear&Care optimiert die Inkontinenzversorgung mit einer intelligenten und einfach zu handhabenden Sensortechnologie. Der Sensor erkennt zuverlässig, wann das Inkontinenzmaterial voll ist, und unterstützt sowohl Pflegebedürftige als auch Pflegekräfte dabei, den Alltag effizienter zu gestalten. ;IA/Assistenzsystem
ManagingCare Digital;https://mcd.managingcare.de/;ManagingCare Digital (MCD) ist ein digitales Ökosystem, in dem durch die Vernetzung und Integration von verschiedenen Applikationen und Diensten in Verbindung mit analogen Lösungen eine ganzheitliche Digitalisierung der Pflege und Betreuung möglich wird. Funktionen im Webportal und Schnittstellen zu analogen und digitalen Lösungen werden stetig erweitert und neue Features, Dienste und Schnittstellen zu Sensoren-Systemen hinzugefügt. Die Anbindung an MCD mit seiner Forschungsplattform und seinem Forschungsnetzwerk hält Sie immer am Puls der Zeit.;prA/Plattform
Medikit;https://medikit.net/de/;medikit für die Pflege, Die Mitarbeiter-App für eine vereinfachte interne Kommunikation in der Pflege. medikit ermöglicht eine einfache interne Kommunikation und Zusammenarbeit für Teams in der Pflege. Tägliche Arbeitsprozesse und Standards können digital und transparent abgebildet werden. Die Teams können sich dadurch nicht nur besser organisieren, auch die Qualität der Betreuung wird verbessert.;wA/Kommunikation
VIVAIcare;https://vivai.care/;VIVAIcare ist ein digitales Assistenzsystem. Es besteht aus dem Basismodul Vivi (Datensammler für Sensor-daten und Sprachassistenz) und kann je nach erforderlicher Konfiguration mit unterschiedlichen Sensoren verbunden werden, z. B. Sturzsensoren. Das Produkt VIVAIcare hat, abhängig von der Konfiguration, folgende Funktionen: Sturzerkennung mit Alarmierungskette, Datum, Uhrzeit, Kalender, Terminerinnerung, Trinkerinnerung, Medikamentenerinnerung, Eingabe der Blutruckwerte mit Verlauf Eingabe des Gewichts mit Verlauf;IA/Assistenzsystem
Aktivtisch - Der intuitive Aktivitätstisch für die Betreuung;https://www.aktivtisch.de/?gad_source=1&gad_campaignid=21436135430&gclid=EAIaIQobChMInrWoxv_tjQMVpoCDBx31wQDtEAAYASAAEgLkNvD_BwE;Der intuitive Aktivtisch für Senioren, Menschen mit Handicap und für den Einsatz in der Ergotherapie.;IA/Kommunikation
De BeleefTV - De BeleefTV;https://debeleeftv.de/;De BeleefTV ist ein digitaler und mobiler Aktivitätstisch, speziell entwickelt für Menschen mit Demenz. Stimulierende Spiele, das Hören von Musik und das Schwelgen in Erinnerungen bringen die Bewohner von Pflegeeinrichtungen näher zusammen.;IA/Kommunikation
ichó – Therapie und Förderung für Senioren & Kinder – icho systems;https://icho-systems.de/;Menschen mit Demenz oder Schlaganfall benötigen Förderung, die wirksam, abwechslungsreich und zugänglich ist. Der ichó Ball bietet all diese Eigenschaften in einem Therapiegerät.;IA/Kommunikation
Virtuelle Veranstaltungen | ViVerA;https://www.viveras.de/virtuelle-angebote;Digitale Angebote von Freiwilligen für Gruppen & Bewohnerinnen und Bewohner von Altenpflegeeinrichtungen;IA/Plattform
inmu – relaxing music for body, mind and senses - inmutouch.com;https://inmutouch.com/;We wanted to create an electronic tool that enables you to play enchanting music without any prior experience. An inclusive tool that weak and cognitively challenged people can use without any difficulties.;IA/Kommunikation
VRalive - Extended Reality for Digital Health;https://vralive.de/;Mithilfe des VRalive Systems können sowohl 360° Videos als auch XR-Anwendungen angesteuert werden. Die Betreuungsperson hat die volle Kontrolle über relevante Brilleneinstellungen (z.B. Lautstärke) und kann mithilfe der Livestream-Funktion in die Brillen reinschauen.;IA/Kommunikation
VR-Mondo | Esperanto Stacio;https://www.esperantostacio.com/vr-mondo;Lerni nutzt immersives Lernen, um Fachkräften in Medizin und Pflege, die Deutsch lernen, die Fachsprache schneller und intensiver zu vermitteln. So leisten wir einen Beitrag zur Integration von Fachkräften in den Arbeitsmarkt. Als gemeinwohlorientiertes Projekt arbeiten wir daran, die Methoden mit Bildungsträgern und anderen Stakeholdern in Brandenburg im Jahr 2025/26 weiter zu verbreiten.;wA/Kommunikation 
